速腾,0-18,油耗,137730
速腾,0-18,安全,135895
速腾,0-18,价格,207845
速腾,0-18,外观,185558
速腾,0-18,动力,187191
速腾,0-18,操控,168959
速腾,0-18,内饰,135071
速腾,0-18,保养,172045
速腾,0-18,配置,151286
速腾,19-29,油耗,228719
速腾,19-29,安全,237324
速腾,19-29,价格,371550
速腾,19-29,外观,308525
速腾,19-29,动力,347510
速腾,19-29,操控,312953
速腾,19-29,内饰,227177
速腾,19-29,保养,318414
速腾,19-29,配置,267831
速腾,30-39,油耗,243616
速腾,30-39,安全,248541
速腾,30-39,价格,328274
速腾,30-39,外观,308099
速腾,30-39,动力,294037
速腾,30-39,操控,269468
速腾,30-39,内饰,236482
速腾,30-39,保养,278998
速腾,30-39,配置,249814
速腾,40+,油耗,827269
速腾,40+,安全,841177
速腾,40+,价格,1030464
速腾,40+,外观,968332
速腾,40+,动力,972632
速腾,40+,操控,915126
速腾,40+,内饰,818074
速腾,40+,保养,933979
速腾,40+,配置,872417
途观,0-18,油耗,208451
途观,0-18,安全,221922
途观,0-18,价格,316175
途观,0-18,外观,276278
途观,0-18,动力,283342
途观,0-18,操控,269607
途观,0-18,内饰,206234
途观,0-18,保养,250764
途观,0-18,配置,241837
途观,19-29,油耗,375048
途观,19-29,安全,399061
途观,19-29,价格,581483
途观,19-29,外观,504048
途观,19-29,动力,534203
途观,19-29,操控,492569
途观,19-29,内饰,373287
途观,19-29,保养,465137
途观,19-29,配置,447382
途观,30-39,油耗,493049
途观,30-39,安全,532041
途观,30-39,价格,651646
途观,30-39,外观,596647
途观,30-39,动力,606455
途观,30-39,操控,575283
途观,30-39,内饰,480526
途观,30-39,保养,561428
途观,30-39,配置,530434
途观,40+,油耗,1784819
途观,40+,安全,1917889
途观,40+,价格,2189869
途观,40+,外观,2051939
途观,40+,动力,2096580
途观,40+,操控,1996742
途观,40+,内饰,1770555
途观,40+,保养,1999110
途观,40+,配置,1922468
奥迪A3进口,0-18,油耗,103356
奥迪A3进口,0-18,安全,120106
奥迪A3进口,0-18,价格,158606
奥迪A3进口,0-18,外观,148934
奥迪A3进口,0-18,动力,140321
奥迪A3进口,0-18,操控,140351
奥迪A3进口,0-18,内饰,122208
奥迪A3进口,0-18,保养,133220
奥迪A3进口,0-18,配置,142956
奥迪A3进口,19-29,油耗,166032
奥迪A3进口,19-29,安全,192304
奥迪A3进口,19-29,价格,266361
奥迪A3进口,19-29,外观,243531
奥迪A3进口,19-29,动力,238371
奥迪A3进口,19-29,操控,224600
奥迪A3进口,19-29,内饰,201352
奥迪A3进口,19-29,保养,218084
奥迪A3进口,19-29,配置,232970
奥迪A3进口,30-39,油耗,188626
奥迪A3进口,30-39,安全,209891
奥迪A3进口,30-39,价格,253756
奥迪A3进口,30-39,外观,241961
奥迪A3进口,30-39,动力,232304
奥迪A3进口,30-39,操控,226292
奥迪A3进口,30-39,内饰,217882
奥迪A3进口,30-39,保养,224825
奥迪A3进口,30-39,配置,230208
奥迪A3进口,40+,油耗,794929
奥迪A3进口,40+,安全,866732
奥迪A3进口,40+,价格,994764
奥迪A3进口,40+,外观,966446
奥迪A3进口,40+,动力,939983
奥迪A3进口,40+,操控,913616
奥迪A3进口,40+,内饰,901394
奥迪A3进口,40+,保养,908568
奥迪A3进口,40+,配置,938387
桑塔纳,0-18,油耗,109021
桑塔纳,0-18,安全,122290
桑塔纳,0-18,价格,170125
桑塔纳,0-18,外观,164140
桑塔纳,0-18,动力,169723
桑塔纳,0-18,操控,155665
桑塔纳,0-18,内饰,127374
桑塔纳,0-18,保养,138590
桑塔纳,0-18,配置,133129
桑塔纳,19-29,油耗,179623
桑塔纳,19-29,安全,205924
桑塔纳,19-29,价格,293528
桑塔纳,19-29,外观,284299
桑塔纳,19-29,动力,301290
桑塔纳,19-29,操控,270497
桑塔纳,19-29,内饰,222356
桑塔纳,19-29,保养,237228
桑塔纳,19-29,配置,237732
桑塔纳,30-39,油耗,228758
桑塔纳,30-39,安全,250539
桑塔纳,30-39,价格,299532
桑塔纳,30-39,外观,307382
桑塔纳,30-39,动力,313447
桑塔纳,30-39,操控,297237
桑塔纳,30-39,内饰,265117
桑塔纳,30-39,保养,269910
桑塔纳,30-39,配置,273899
桑塔纳,40+,油耗,1061832
桑塔纳,40+,安全,1148470
桑塔纳,40+,价格,1314067
桑塔纳,40+,外观,1346922
桑塔纳,40+,动力,1364781
桑塔纳,40+,操控,1316160
桑塔纳,40+,内饰,1202421
桑塔纳,40+,保养,1211948
桑塔纳,40+,配置,1234517
凌渡,0-18,油耗,68946
凌渡,0-18,安全,64349
凌渡,0-18,价格,99462
凌渡,0-18,外观,85038
凌渡,0-18,动力,90905
凌渡,0-18,操控,88134
凌渡,0-18,内饰,71540
凌渡,0-18,保养,84488
凌渡,0-18,配置,76563
凌渡,19-29,油耗,115539
凌渡,19-29,安全,108001
凌渡,19-29,价格,172178
凌渡,19-29,外观,145872
凌渡,19-29,动力,156593
凌渡,19-29,操控,150606
凌渡,19-29,内饰,120202
凌渡,19-29,保养,145091
凌渡,19-29,配置,131481
凌渡,30-39,油耗,136674
凌渡,30-39,安全,131274
凌渡,30-39,价格,163106
凌渡,30-39,外观,151055
凌渡,30-39,动力,159564
凌渡,30-39,操控,154630
凌渡,30-39,内饰,138333
凌渡,30-39,保养,149147
凌渡,30-39,配置,144464
凌渡,40+,油耗,526650
凌渡,40+,安全,510833
凌渡,40+,价格,604359
凌渡,40+,外观,571045
凌渡,40+,动力,593868
凌渡,40+,操控,578144
凌渡,40+,内饰,530858
凌渡,40+,保养,563175
凌渡,40+,配置,552476
雅阁,0-18,油耗,112131
雅阁,0-18,安全,121504
雅阁,0-18,价格,146631
雅阁,0-18,外观,146207
雅阁,0-18,动力,149067
雅阁,0-18,操控,137365
雅阁,0-18,内饰,119017
雅阁,0-18,保养,123172
雅阁,0-18,配置,128070
雅阁,19-29,油耗,213559
雅阁,19-29,安全,237426
雅阁,19-29,价格,292416
雅阁,19-29,外观,286575
雅阁,19-29,动力,296206
雅阁,19-29,操控,269506
雅阁,19-29,内饰,232723
雅阁,19-29,保养,245179
雅阁,19-29,配置,248289
雅阁,30-39,油耗,279307
雅阁,30-39,安全,289020
雅阁,30-39,价格,323343
雅阁,30-39,外观,327878
雅阁,30-39,动力,337838
雅阁,30-39,操控,314114
雅阁,30-39,内饰,288304
雅阁,30-39,保养,293331
雅阁,30-39,配置,303254
雅阁,40+,油耗,1148096
雅阁,40+,安全,1197907
雅阁,40+,价格,1303522
雅阁,40+,外观,1301168
雅阁,40+,动力,1335869
雅阁,40+,操控,1274021
雅阁,40+,内饰,1191598
雅阁,40+,保养,1218630
雅阁,40+,配置,1241574
